editor,role,job,os,company,industry,v3.2,anaconda,v3.1,v3.4,pypy,falcon,SQLAlchemy,pandas,v2.6,statmodels,Scrapy,wheezy,pep8,v3.3,v2.7,requests,bottle,nose,tox,pylint,BeautifulSoup,pyramid,numpy,selenium,v3.0,pip,tornado,Storm,html5lib,sympy,lxml,flake8,pyflakes,django,scikit-learn,psycopg2,MySQL-python,aiohttp,pytest,setuptools,redis,coverage,v2.5,scipy,DjangoORM,flask,virtualenv,unittest
Eclipse,,학생,Windows,,,0,0,0,0,0,0,0,0,0,0,0,0,0,0,1,0,0,0,0,0,0,0,1,0,0,1,0,0,0,0,0,0,0,0,0,0,0,0,0,1,0,0,0,1,0,0,0,0
Vi,,교수/연구원,Windows,,,0,0,0,1,0,0,0,0,0,0,0,0,0,0,0,0,0,0,0,0,0,0,1,0,0,1,0,0,0,0,0,0,0,0,1,0,0,0,0,0,0,0,0,1,0,1,0,0
PyCharm,프로그래머,개발자 등 IT 종사자,Mac OS,3000,웹 서비스,0,0,0,1,1,0,0,0,0,0,0,0,1,0,1,1,0,1,1,0,0,0,1,0,0,1,1,0,0,0,0,1,1,1,0,1,1,0,1,0,1,1,0,0,1,1,1,1
Vi,프로그래머,개발자 등 IT 종사자,Linux or Free/Net/OpenBSD,60,B2B,0,0,0,1,0,0,0,0,0,0,0,0,0,0,1,0,0,0,0,0,0,0,0,0,0,0,0,0,0,0,0,0,0,0,0,0,0,0,0,0,0,0,0,0,0,0,0,0
Other,프로그래머,개발자 등 IT 종사자,Mac OS,10,웹 서비스,0,1,0,1,1,0,1,0,0,0,0,0,0,0,0,0,0,1,1,0,1,0,1,1,0,1,0,0,0,0,0,1,0,0,1,0,0,0,0,0,1,1,0,1,0,1,1,1
PyCharm,,학생,Linux or Free/Net/OpenBSD,,,0,0,0,0,0,0,1,0,0,0,0,0,0,0,1,1,0,0,0,0,1,0,0,0,0,1,0,0,0,0,0,0,0,0,0,0,1,0,1,0,0,0,0,0,0,1,1,1
PyCharm,데이터 사이언티스트,개발자 등 IT 종사자,Windows,1500,앱,0,1,0,0,0,0,1,1,0,1,0,0,0,0,1,0,0,0,0,0,0,0,1,0,1,1,0,0,0,0,0,0,0,0,1,0,0,0,0,1,0,0,0,1,0,0,1,0
Vi,,학생,Mac OS,,,0,0,0,1,0,0,1,0,0,0,1,0,0,0,1,1,0,0,0,1,1,0,0,0,0,1,0,0,0,0,0,0,0,1,0,0,0,0,0,1,0,0,0,0,0,1,1,1
PyCharm,프로그래머,개발자 등 IT 종사자,Mac OS,40,앱,0,0,0,0,0,0,0,0,0,0,0,0,0,0,1,1,0,1,0,0,0,0,0,0,0,1,0,0,1,0,0,0,0,1,0,1,0,0,1,1,0,0,0,0,1,0,1,1
Other,,교수/연구원,Mac OS,,,0,0,0,0,0,0,1,1,0,0,0,0,0,0,1,0,0,0,0,0,1,0,1,0,0,0,0,0,0,0,0,0,0,1,1,0,0,0,1,0,0,0,0,1,0,0,1,0
Other,,교수/연구원,Windows,,,1,1,0,1,0,0,0,1,0,0,0,0,0,0,0,1,0,0,0,0,1,0,0,0,0,0,0,0,0,0,1,0,0,0,0,0,0,0,0,0,0,0,0,0,0,0,0,0
PyCharm,프로그래머,개발자 등 IT 종사자,Mac OS,2,웹 서비스,0,0,0,1,0,0,0,1,0,0,1,0,1,0,1,1,0,0,0,0,0,0,1,1,0,1,0,0,0,0,0,0,0,1,1,0,0,0,0,1,0,0,0,1,1,0,1,1
IDLE,,학생,Mac OS,,,0,0,0,0,0,0,1,0,0,0,0,0,0,0,1,0,0,0,0,0,1,0,0,0,0,1,0,0,0,0,0,0,0,0,0,0,0,0,0,0,0,0,0,0,0,1,1,0
IDLE,,학생,Windows,,,0,0,0,1,1,0,0,0,0,0,1,0,0,0,0,1,0,0,0,0,1,0,1,0,0,1,0,0,0,0,0,0,0,1,0,0,1,0,0,0,0,0,0,1,0,1,0,0
IDLE,프로그래머,개발자 등 IT 종사자,Windows,160,보안,0,0,0,0,0,0,0,0,0,0,0,0,0,0,1,0,0,0,0,0,1,0,0,0,1,0,0,0,0,0,0,0,0,0,0,0,0,0,0,0,0,0,0,0,0,0,0,0
Vi,프로그래머,개발자 등 IT 종사자,Mac OS,1000,웹 서비스,0,0,0,0,0,0,1,0,0,0,0,0,1,0,1,1,0,1,1,0,0,0,0,1,0,1,0,0,0,0,0,1,1,1,0,1,0,0,1,1,1,0,0,0,1,1,1,1
Sublime Text,,학생,Mac OS,,,0,1,0,0,0,0,0,0,0,0,0,0,1,0,1,0,0,0,0,0,1,0,1,1,0,1,0,0,1,0,0,0,0,1,0,0,1,0,0,1,0,0,0,1,0,0,1,0
Other,,학생,Mac OS,,,0,0,0,1,0,0,1,1,0,1,0,0,0,0,0,1,0,0,0,0,1,1,1,1,0,1,0,0,0,0,1,0,0,0,1,1,0,1,1,0,0,0,0,1,0,1,1,0
Other,프로그래머,개발자 등 IT 종사자,Mac OS,40,웹 서비스,0,0,0,1,1,0,1,0,0,0,0,0,1,0,1,1,0,1,0,0,1,0,0,0,0,1,0,0,1,0,0,1,0,1,0,0,1,0,0,1,1,0,0,0,1,1,1,1
Other,,학생,Windows,,,0,0,0,1,0,0,0,0,0,0,0,0,0,0,1,0,0,0,0,0,0,0,1,0,0,1,0,0,0,0,0,0,0,0,0,0,0,0,0,0,0,0,0,0,0,0,0,0
IDLE,프로그래머,개발자 등 IT 종사자,Windows,5,웹 서비스,0,0,0,1,0,0,0,0,0,0,0,0,1,0,1,0,0,0,0,0,0,0,1,0,0,1,0,0,0,0,1,0,0,1,0,0,0,0,0,1,0,0,0,1,0,0,1,0
Other,,학생,Windows,,,0,1,0,1,1,0,0,1,0,0,0,0,0,0,1,0,0,0,0,0,0,0,1,0,0,1,0,0,0,0,0,0,0,0,1,0,0,0,0,0,0,0,0,1,0,1,1,0
Sublime Text,프로그래머,개발자 등 IT 종사자,Mac OS,70,웹 서비스,0,0,0,0,0,0,1,0,0,0,0,0,1,0,1,1,0,0,0,0,0,0,0,1,0,1,0,0,0,0,1,1,1,0,0,0,0,0,1,1,0,0,0,0,0,1,1,0
Emacs,프로그래머,개발자 등 IT 종사자,Linux or Free/Net/OpenBSD,2000,웹 서비스,0,0,0,0,0,0,0,0,1,0,0,0,0,0,0,1,0,0,0,0,0,0,0,0,0,1,0,0,0,0,0,0,0,0,0,0,0,0,0,0,0,0,0,0,0,0,0,0
PyCharm,프로그래머,개발자 등 IT 종사자,Mac OS,10,웹 서비스,0,0,0,1,0,0,1,0,0,0,0,0,0,0,1,1,0,1,0,0,1,1,0,1,0,1,1,0,0,0,0,0,1,1,0,0,0,0,0,1,0,0,0,1,1,1,1,0
PyCharm,프로그래머,개발자 등 IT 종사자,Mac OS,100,웹 서비스,0,0,0,0,0,0,0,0,0,0,0,0,0,0,1,1,0,0,0,0,1,0,0,0,0,1,0,0,1,0,1,1,0,1,0,1,1,0,1,1,1,0,0,0,1,0,1,0
PyCharm,프로그래머,개발자 등 IT 종사자,Mac OS,13,웹 서비스,0,0,0,0,0,0,0,0,0,0,0,0,1,0,1,0,0,0,0,0,1,0,1,0,0,1,0,0,0,0,0,0,0,1,0,0,1,0,0,1,0,0,0,1,1,1,1,0
Vi,,학생,Mac OS,,,0,0,0,0,0,0,1,0,0,0,0,0,1,0,1,1,0,0,0,1,0,0,1,0,0,1,0,0,0,0,0,0,1,0,0,1,0,0,1,1,0,0,0,0,0,1,1,0
Vi,,학생,Linux or Free/Net/OpenBSD,,,0,1,0,1,0,0,0,1,0,0,0,0,0,0,0,1,0,0,0,0,0,0,1,0,0,0,0,0,0,0,0,0,0,0,1,0,1,0,0,0,0,0,0,1,0,1,0,1
Vi,프로그래머,개발자 등 IT 종사자,,2500,웹 서비스,0,1,0,0,0,0,0,1,0,0,1,0,1,0,1,0,0,1,0,0,1,0,1,0,0,1,1,0,0,0,1,0,1,0,0,0,1,0,0,1,1,0,0,0,0,1,0,1
PyCharm,프로그래머,개발자 등 IT 종사자,Linux or Free/Net/OpenBSD,200,웹 서비스,0,0,0,1,0,0,1,0,0,0,0,0,1,0,1,1,0,0,0,0,1,0,0,0,0,1,0,0,0,0,0,1,0,0,0,0,1,0,0,0,1,0,0,0,0,1,1,0
Sublime Text,,학생,Mac OS,,,0,0,0,1,0,0,1,1,0,0,0,0,1,0,1,1,0,1,0,0,1,0,1,1,0,1,1,0,0,0,1,0,0,1,1,0,1,0,1,1,1,0,0,1,1,1,1,1
Emacs,프로그래머,개발자 등 IT 종사자,Linux or Free/Net/OpenBSD,100,웹 서비스,0,0,0,1,0,0,1,0,0,0,0,0,1,0,1,1,0,0,0,0,1,0,1,1,0,1,0,0,0,0,1,1,1,0,0,1,0,0,1,1,1,1,0,0,0,1,1,1
PyCharm,,학생,Mac OS,,,0,1,0,1,0,0,0,1,0,0,1,0,0,0,0,1,0,0,0,0,1,0,1,0,0,1,0,0,0,1,1,0,0,0,1,0,1,0,0,1,1,0,0,1,0,1,0,0
Vi,프로그래머,개발자 등 IT 종사자,Mac OS,3000,앱,0,0,0,1,0,0,1,0,0,0,0,0,0,0,1,1,0,0,0,0,1,0,0,0,0,1,1,0,1,0,1,1,0,1,0,1,1,0,0,0,1,0,0,0,1,1,1,0
Vi,프로그래머,개발자 등 IT 종사자,Mac OS,10,웹 서비스,0,0,0,1,0,0,1,0,0,0,1,0,0,0,0,0,0,0,0,0,0,0,0,0,0,1,0,0,0,0,0,0,0,0,0,1,0,0,1,0,0,0,0,0,0,1,1,1
IDLE,,학생,Windows,,,1,0,0,1,0,0,0,1,1,0,0,0,0,0,1,1,0,0,0,0,1,0,1,0,0,0,0,0,0,0,0,0,0,0,0,0,0,0,0,0,0,0,0,0,0,0,0,0
Sublime Text,,교수/연구원,Mac OS,,,0,0,0,1,0,0,0,0,0,0,0,0,0,0,1,0,0,0,0,0,0,0,1,0,0,1,0,0,0,0,0,0,0,0,0,0,0,0,0,0,0,0,0,0,0,0,0,0
Vi,프로그래머,개발자 등 IT 종사자,Mac OS,15,B2B,0,0,0,1,0,0,1,0,1,0,0,0,0,0,1,0,0,0,0,0,0,0,0,0,0,1,0,0,0,0,0,0,0,0,0,0,0,0,0,0,0,0,0,0,0,1,0,0
Vi,,학생,Linux or Free/Net/OpenBSD,,,1,0,0,0,0,0,1,0,0,0,0,0,1,0,1,1,0,0,1,0,0,0,1,0,0,1,0,0,0,0,1,0,0,0,1,1,0,0,1,1,1,0,0,1,0,1,1,0
Vi,,학생,Mac OS,,,0,1,0,1,0,0,1,1,0,1,1,0,0,0,1,1,0,0,0,0,0,0,1,1,0,1,0,0,0,0,1,0,0,1,1,1,0,0,1,0,0,1,0,1,0,1,1,0
PyCharm,프로그래머,개발자 등 IT 종사자,Mac OS,100,B2B,0,0,0,1,0,0,1,0,0,0,0,0,0,0,0,1,0,0,1,0,1,0,0,0,0,1,1,0,1,0,1,0,1,0,0,1,0,1,1,1,0,1,0,0,0,1,1,0
PyCharm,프로그래머겸 잡무,개발자 등 IT 종사자,Linux or Free/Net/OpenBSD,10,웹 서비스,0,0,0,0,0,0,1,0,0,0,0,0,1,0,1,1,0,0,0,0,1,0,1,1,0,1,0,0,0,0,1,0,1,1,1,0,0,0,1,1,1,0,0,1,1,1,1,1
Other,,학생,Mac OS,,,0,0,0,1,0,0,0,1,0,0,0,0,0,0,1,0,0,0,0,0,0,0,1,0,0,0,1,0,0,0,0,0,0,0,0,0,0,0,0,0,0,0,0,1,0,0,0,0
Sublime Text,프로그래머,개발자 등 IT 종사자,Mac OS,2,웹 서비스,0,0,0,0,0,0,1,0,0,0,0,0,0,0,1,0,0,0,0,0,0,0,0,0,0,1,0,0,0,0,0,0,0,0,0,0,0,0,0,1,0,0,0,0,0,1,1,0
Vi,프로그래머,개발자 등 IT 종사자,Mac OS,300,웹 서비스,0,0,0,1,0,0,0,0,0,0,0,0,1,0,1,1,0,1,0,0,0,0,0,0,0,1,0,0,0,0,1,1,0,1,0,1,0,0,0,0,1,1,0,0,1,0,1,1
PyCharm,SE,개발자 등 IT 종사자,Mac OS,10,앱,0,0,0,1,0,0,1,0,0,0,0,0,1,0,1,1,0,0,0,0,0,0,0,0,0,1,0,0,0,0,0,1,0,0,0,1,0,0,1,1,0,0,0,0,0,1,1,0
PyCharm,프로그래머,개발자 등 IT 종사자,Mac OS,70,웹 서비스,0,0,0,1,0,0,1,1,0,0,0,0,1,0,1,1,0,0,0,0,0,0,0,0,0,1,0,0,0,0,0,1,1,0,0,0,0,0,1,1,1,0,0,0,0,1,1,0
PyCharm,,학생,Windows,,,0,0,0,1,0,0,0,0,0,0,0,0,0,0,1,1,0,0,0,0,1,0,1,1,0,1,0,0,0,0,0,0,0,0,0,0,1,0,0,0,0,0,0,1,0,1,0,0
Other,프로그래머,개발자 등 IT 종사자,Mac OS,300,웹 서비스,0,1,0,0,0,0,1,1,0,1,0,0,0,1,1,0,0,0,0,0,1,0,1,0,0,1,0,0,0,0,0,0,0,0,1,0,1,0,0,1,1,0,0,1,0,0,0,0
PyCharm,프로그래머,개발자 등 IT 종사자,Mac OS,3,앱,0,0,0,1,1,0,1,0,0,0,0,0,1,0,1,1,0,0,0,1,1,0,0,1,0,1,0,0,0,0,1,1,1,0,0,0,0,1,0,0,0,0,0,0,0,1,0,1
PyCharm,프로그래머,개발자 등 IT 종사자,Mac OS,100,웹 서비스,0,1,0,1,0,0,1,1,0,0,0,0,1,0,1,1,0,0,0,0,0,0,1,1,0,1,0,0,0,0,1,1,0,1,0,1,0,0,1,0,1,1,0,1,1,1,1,1
PyCharm,프로그래머,개발자 등 IT 종사자,Windows,10,B2B,0,0,0,1,0,0,1,0,0,0,0,0,0,1,1,1,0,0,0,1,1,0,0,1,0,0,0,0,1,0,1,0,1,0,0,0,0,0,0,0,0,0,0,0,0,1,1,0
PyCharm,프로그래머,개발자 등 IT 종사자,Linux or Free/Net/OpenBSD,180,보안,0,0,0,0,1,0,1,1,0,0,0,0,0,0,1,1,0,0,0,0,1,0,1,1,0,1,0,0,0,0,0,1,0,0,0,0,1,0,0,0,1,1,0,0,0,1,1,1
Vi,,학생,Windows,,,0,0,0,0,1,0,1,0,0,0,0,0,1,1,1,0,0,0,0,1,0,0,0,0,0,1,0,0,0,0,1,1,1,0,0,1,1,0,0,1,1,0,0,0,0,1,1,0
Other,,교수/연구원,Linux or Free/Net/OpenBSD,,,0,1,0,0,0,0,0,1,0,0,0,0,0,0,1,0,0,0,0,0,0,1,1,0,1,1,0,0,0,0,0,0,0,0,1,0,1,0,0,1,0,0,0,1,0,0,0,0
PyCharm,프로그래머,개발자 등 IT 종사자,Mac OS,100,웹 서비스,0,0,0,1,0,0,1,0,0,0,0,0,1,0,1,1,0,0,0,0,1,0,0,1,0,1,1,0,0,0,1,1,1,1,0,1,1,0,1,1,1,1,0,0,0,1,1,1
PyCharm,기획자,개발자 등 IT 종사자,,10,게임,0,0,0,1,1,0,1,0,0,0,0,0,1,0,1,1,0,0,0,0,1,0,1,0,0,1,0,0,1,0,0,0,0,0,0,1,1,0,1,0,1,0,0,0,0,1,1,0
PyCharm,프로그래머,개발자 등 IT 종사자,Windows,10,웹 서비스,0,0,0,1,0,0,1,0,0,0,0,0,0,0,0,0,0,0,0,0,1,0,0,0,0,1,0,0,1,0,0,0,0,0,0,1,0,0,0,0,0,0,0,0,0,1,1,0
Vi,,학생,Mac OS,,,0,0,0,1,0,0,1,0,0,0,0,0,0,0,1,1,0,0,0,0,1,0,1,0,0,1,1,0,0,0,1,0,0,0,0,0,0,0,0,0,0,0,0,0,0,1,1,0
PyCharm,,학생,Mac OS,,,0,0,0,1,0,0,1,0,0,0,0,0,0,0,1,0,0,0,0,0,0,0,1,0,0,1,0,0,0,0,0,0,0,1,0,0,0,0,0,1,1,0,0,1,0,1,1,1
Other,프로그래머,개발자 등 IT 종사자,Linux or Free/Net/OpenBSD,1000,앱,0,0,0,1,0,0,1,1,0,0,0,0,0,0,1,1,0,0,0,0,1,0,1,0,0,1,0,0,0,0,0,0,0,0,1,0,0,0,0,0,1,0,0,0,0,0,1,0
Vi,프로그래머,개발자 등 IT 종사자,Mac OS,70,B2B,0,0,0,1,0,0,1,0,0,0,0,0,1,0,1,1,0,1,0,0,0,0,0,1,0,1,0,0,0,0,0,1,1,0,0,1,1,0,1,1,1,1,0,0,0,1,1,0
Vi,프로그래머,개발자 등 IT 종사자,Mac OS,2,앱,0,0,0,1,0,0,0,0,0,0,0,0,1,0,1,1,0,0,0,0,1,0,0,1,0,1,0,0,0,0,1,1,1,1,0,1,1,0,0,0,1,0,0,0,1,0,1,1
PyCharm,프로그래머,개발자 등 IT 종사자,Mac OS,20,앱,0,0,0,0,1,0,1,1,0,0,0,0,1,0,1,1,0,0,0,1,1,0,1,1,0,1,0,0,1,0,1,1,1,0,0,1,1,0,1,1,1,0,0,0,0,1,1,0
PyCharm,,학생,Mac OS,,,0,0,0,1,0,0,1,1,0,0,0,0,0,1,1,1,0,1,0,0,1,0,1,0,0,1,1,0,0,0,1,0,0,1,1,1,0,0,0,1,1,0,0,1,0,1,1,1
Eclipse,프로그래머,개발자 등 IT 종사자,Mac OS,5,웹 서비스,0,0,0,1,0,0,1,0,0,0,0,0,1,0,1,1,0,0,0,0,1,0,1,0,0,1,0,0,1,0,0,0,0,1,0,1,0,0,0,1,1,0,0,0,0,1,1,0
PyCharm,프로그래머,개발자 등 IT 종사자,Mac OS,8090,웹 서비스,0,0,0,1,0,0,1,0,0,0,0,0,1,0,1,1,0,0,0,0,0,0,0,0,0,1,0,0,0,0,0,1,0,0,0,0,0,0,1,0,0,0,0,0,0,1,1,0
Vi,프로그래머,개발자 등 IT 종사자,Mac OS,100,웹 서비스,0,1,0,1,0,0,1,1,0,0,0,0,1,0,1,1,0,1,0,0,0,0,1,1,0,1,1,0,0,0,1,0,0,1,0,1,0,1,1,1,1,0,0,0,0,1,1,0
Sublime Text,프로그래머,개발자 등 IT 종사자,Linux or Free/Net/OpenBSD,100,웹 서비스,0,0,0,1,0,0,1,1,0,1,0,1,0,1,1,1,0,0,0,1,1,0,1,1,0,1,1,0,0,1,1,0,0,1,1,0,0,0,0,1,1,0,0,1,0,1,1,0
Vi,프로그래머,개발자 등 IT 종사자,Mac OS,1,전자회사,0,0,0,1,0,0,0,1,0,0,0,0,1,1,0,1,0,0,0,1,1,0,1,0,0,0,0,0,0,0,0,0,0,1,0,1,0,0,0,0,0,0,0,0,1,0,1,0
Other,,학생,Mac OS,,,0,0,0,0,1,0,1,0,0,0,0,0,1,0,1,1,0,0,0,0,1,0,1,1,0,1,0,0,0,1,0,0,0,1,0,1,1,0,0,0,1,0,0,1,1,1,1,1
PyCharm,,학생,Mac OS,,,0,0,0,0,0,0,0,1,0,1,0,0,1,0,1,1,0,0,1,0,1,0,1,0,0,1,0,0,0,0,0,0,0,1,1,0,1,0,0,0,0,0,0,0,0,1,1,0
Sublime Text,프로그래머,개발자 등 IT 종사자,Mac OS,100,게임,0,0,0,1,0,0,1,0,0,1,0,0,1,0,1,1,0,0,0,1,1,0,1,1,0,1,1,0,0,0,0,0,0,1,1,0,0,1,0,1,1,0,0,1,1,1,1,0
Eclipse,테스터,개발자 등 IT 종사자,Windows,25,스마트폰 개발,0,0,0,0,0,0,0,0,1,0,0,0,0,0,1,1,0,0,0,0,0,0,0,0,0,0,0,0,0,0,0,0,0,0,0,0,1,0,0,1,0,0,0,0,0,0,0,0
Other,프로그래머,개발자 등 IT 종사자,Windows,5,시스템,0,0,0,0,0,0,0,0,0,0,0,0,0,0,1,0,0,0,0,0,0,0,1,0,0,1,0,0,0,0,0,0,0,0,0,0,1,0,0,1,0,0,0,0,0,0,0,0
Sublime Text,SE,개발자 등 IT 종사자,Windows,150,웹 서비스,0,0,0,1,0,0,1,1,0,0,0,0,0,0,1,0,0,0,0,0,0,0,1,0,0,1,0,0,0,0,0,0,0,1,1,0,1,0,1,0,0,0,0,1,1,1,1,0
PyCharm,,학생,Mac OS,,,0,0,0,1,0,0,1,1,0,0,0,0,0,0,1,0,0,0,0,0,1,0,1,0,0,1,0,0,0,0,0,0,0,0,1,0,1,0,0,0,0,0,0,1,0,1,1,0
Vi,프로그래머,개발자 등 IT 종사자,Mac OS,10,웹 서비스,0,0,0,0,0,0,0,1,0,1,0,0,0,0,1,1,0,0,0,0,1,0,1,1,0,1,0,0,0,0,1,0,0,1,1,0,0,0,0,0,0,0,0,1,1,0,1,0
IDLE,SE,개발자 등 IT 종사자,Windows,10,연구개발,0,1,0,0,0,0,0,1,0,0,0,0,0,0,1,0,0,0,0,1,0,0,1,0,0,0,0,0,0,0,0,0,0,0,1,0,1,0,0,0,0,0,0,1,0,0,0,1
Other,,학생,Mac OS,,,0,1,0,0,0,0,0,1,0,0,0,0,0,0,1,0,0,0,0,0,1,0,1,0,0,1,0,0,0,0,0,0,0,0,1,0,0,0,0,0,0,0,0,1,0,0,1,0
IDLE,,학생,Windows,,,1,0,0,0,0,0,0,0,0,0,0,0,0,0,0,1,0,0,0,0,1,0,1,0,0,0,0,0,1,0,1,0,0,0,0,0,1,0,0,0,0,0,0,0,0,1,1,0
PyCharm,프로그래머,개발자 등 IT 종사자,Windows,20,웹 서비스,0,0,0,0,0,0,0,0,0,0,0,0,0,0,1,0,0,0,0,0,1,0,1,0,0,1,0,0,0,0,1,0,0,0,0,1,0,0,0,1,0,0,0,1,0,1,0,0
PyCharm,,학생,Windows,,,0,0,0,1,0,0,1,0,0,0,0,0,0,1,1,1,0,0,0,0,1,0,0,1,0,1,0,0,1,0,0,0,0,1,0,0,0,0,0,1,1,0,0,0,1,1,1,0
Vi,프로그래머,개발자 등 IT 종사자,Linux or Free/Net/OpenBSD,1000,게임,0,0,0,1,1,0,0,0,0,0,0,0,1,0,1,1,0,0,1,0,0,0,0,0,0,1,0,0,0,0,1,1,1,0,0,1,0,0,1,1,1,1,0,0,0,1,1,0
Vi,프로그래머,개발자 등 IT 종사자,Linux or Free/Net/OpenBSD,40,웹 서비스,0,0,0,0,0,0,0,0,0,0,0,0,0,0,1,1,1,0,0,0,1,0,1,0,0,1,1,0,0,0,0,1,0,0,0,1,1,0,0,1,1,0,0,0,0,1,1,1
PyCharm,프로그래머,개발자 등 IT 종사자,Linux or Free/Net/OpenBSD,200,클라우드,0,0,0,1,0,0,0,0,0,0,0,0,1,0,1,0,0,0,0,1,0,0,0,1,0,1,0,0,0,0,0,1,1,1,0,0,0,0,0,0,0,0,0,0,1,1,1,1
Vi,프로그래머,개발자 등 IT 종사자,Linux or Free/Net/OpenBSD,2000,게임,0,0,0,1,0,0,0,0,0,0,0,0,0,0,1,1,0,0,0,0,0,0,1,0,0,1,0,0,0,0,1,0,0,0,0,0,1,0,1,1,1,0,0,0,0,1,1,0
IDLE,프로그래머,개발자 등 IT 종사자,Windows,6, 임베디드,0,0,0,0,0,0,0,0,1,0,0,0,0,0,1,0,0,0,0,0,0,0,1,0,0,1,0,0,0,0,0,0,0,1,0,0,1,0,0,1,0,0,1,1,0,1,0,0
Vi,컨설턴트,개발자 등 IT 종사자,Windows,1,컨설팅,0,1,0,0,0,0,0,0,0,0,0,0,0,0,1,0,0,0,0,0,1,0,1,0,0,1,0,0,0,0,0,0,0,0,0,0,0,0,0,1,0,0,0,1,0,0,0,0
PyCharm,,취미,Windows,0,,0,0,0,1,0,0,1,0,0,0,0,0,1,0,0,1,0,0,0,0,0,0,1,0,0,1,0,0,0,0,0,1,0,0,0,0,1,0,0,0,0,0,0,0,0,1,1,0
Vi,데이터 사이언티스트,개발자 등 IT 종사자,Linux or Free/Net/OpenBSD,100,연구,0,0,0,0,0,0,0,1,0,0,0,0,0,0,1,0,0,0,0,0,1,0,1,0,0,0,0,0,0,0,0,0,0,0,0,0,0,0,0,0,0,0,0,1,0,0,0,0
IDLE,,학생,Windows,,,0,0,0,0,0,0,0,0,0,0,0,0,0,0,1,0,0,0,0,0,0,0,0,0,1,0,0,0,1,0,0,0,0,1,1,0,1,0,1,1,0,0,0,0,0,0,0,0
Vi,프로그래머,개발자 등 IT 종사자,Linux or Free/Net/OpenBSD,40,통신,0,0,0,0,0,0,0,0,0,0,0,0,0,0,1,0,0,0,0,0,0,0,1,0,0,1,0,0,0,0,0,0,0,0,0,0,1,0,0,0,0,0,0,0,0,1,0,0
Other,프로그래머,개발자 등 IT 종사자,Mac OS,300,웹 서비스,0,0,0,0,0,0,1,0,0,0,0,0,1,0,1,1,0,0,0,0,0,0,1,0,0,1,0,0,0,0,0,0,0,0,0,0,1,0,0,1,1,0,0,0,0,1,1,0
Vi,프로그래머,개발자 등 IT 종사자,Linux or Free/Net/OpenBSD,25000,자연언어처리,0,0,0,0,1,0,0,0,0,0,0,0,0,0,1,1,0,1,0,1,0,0,1,0,0,1,0,0,1,0,0,0,0,1,1,0,1,0,1,0,0,0,0,1,0,1,0,0
PyCharm,프로그래머,개발자 등 IT 종사자,Linux or Free/Net/OpenBSD,30,게임,0,0,0,0,0,0,1,1,0,0,0,0,0,0,1,0,0,1,0,0,0,0,1,1,0,1,0,0,0,0,0,0,0,1,0,0,1,0,0,1,1,0,0,0,0,1,1,1
Other,프로그래머,개발자 등 IT 종사자,Mac OS,6,웹 서비스,0,1,0,1,0,0,0,1,0,0,0,0,1,0,1,1,0,0,0,1,1,0,1,0,0,1,0,0,0,0,0,0,0,1,0,1,1,0,0,1,1,0,0,1,1,0,1,0
Eclipse,프로그래머,개발자 등 IT 종사자,Windows,10000,IT제조,0,0,0,1,0,0,1,0,0,0,0,0,0,0,1,0,1,0,0,0,0,0,1,1,0,1,0,0,0,0,1,0,0,0,0,1,0,0,1,1,0,0,0,0,0,1,1,0
Vi,프로그래머,개발자 등 IT 종사자,Linux or Free/Net/OpenBSD,2000,게임,0,1,0,1,0,0,1,0,0,0,0,0,1,0,1,1,0,0,0,0,1,0,1,0,0,1,0,0,0,0,1,1,0,0,0,1,0,0,1,1,1,1,0,1,0,1,1,0
PyCharm,프로그래머,개발자 등 IT 종사자,Mac OS,0,웹 서비스,0,1,0,1,0,0,1,0,0,0,1,0,0,0,1,0,0,0,0,0,1,0,0,0,0,1,0,0,0,0,1,0,0,1,0,0,1,0,0,0,0,0,0,0,1,1,1,0
PyCharm,프로그래머,개발자 등 IT 종사자,Linux or Free/Net/OpenBSD,10,웹 서비스,0,1,0,1,0,0,1,1,0,0,0,0,0,0,1,0,0,0,0,0,1,0,1,0,0,1,0,0,0,0,0,0,0,1,0,0,0,0,0,0,0,0,0,0,1,1,1,1
Other,중간관리자,개발자 등 IT 종사자,Linux or Free/Net/OpenBSD,500,금융,0,0,0,0,0,0,0,1,0,0,1,0,0,1,1,0,0,0,0,0,1,0,1,0,0,1,0,0,0,0,0,0,0,1,0,0,0,0,0,0,0,0,0,0,0,0,1,0
Other,보안,개발자 등 IT 종사자,Windows,4000,금융,0,0,0,0,0,0,0,0,0,0,0,0,0,0,1,0,0,0,0,0,0,0,0,0,0,1,1,0,0,0,0,0,0,0,0,0,1,0,0,1,0,0,0,0,0,0,0,0
Vi,프로그래머,개발자 등 IT 종사자,Linux or Free/Net/OpenBSD,2000,,0,0,0,1,0,0,0,0,0,1,1,0,0,0,1,1,0,0,0,0,0,0,0,0,0,1,0,0,0,0,1,0,1,0,0,0,0,0,0,0,0,0,0,0,0,0,1,1
Vi,프로그래머,개발자 등 IT 종사자,Mac OS,13,앱,0,1,0,1,0,0,1,1,0,0,1,0,0,1,1,1,1,0,0,0,1,0,1,1,0,1,0,0,1,0,1,0,0,0,1,0,1,0,1,1,1,0,0,1,0,1,1,1
Sublime Text,프로그래머,개발자 등 IT 종사자,Linux or Free/Net/OpenBSD,1,웹 서비스,0,0,0,0,0,0,0,0,0,0,0,0,0,1,0,0,0,0,0,0,0,0,0,0,0,1,0,0,0,0,0,0,0,0,0,0,1,0,0,0,0,0,0,0,0,0,1,0
Sublime Text,DBA,개발자 등 IT 종사자,Windows,1000,웹 서비스,0,0,0,0,0,0,1,1,0,0,0,0,0,0,1,0,0,0,0,0,1,0,0,0,0,1,0,0,0,0,1,0,0,0,0,1,0,0,0,0,0,0,0,0,0,1,1,1
Other,,학생,Windows,,,1,1,1,0,1,0,0,0,0,1,0,0,0,1,1,0,0,0,0,0,0,0,1,0,0,0,0,0,1,1,0,0,0,1,0,0,1,0,1,0,0,0,0,0,0,0,0,0
Sublime Text,SE,개발자 등 IT 종사자,Windows,600,게임,0,0,0,0,0,0,0,1,0,0,1,0,0,0,1,0,0,0,0,0,0,0,0,0,0,1,0,0,0,0,0,1,0,1,0,0,1,0,0,0,1,0,0,1,0,1,0,0
Vi,,학생,Linux or Free/Net/OpenBSD,,,0,0,0,0,0,0,1,0,0,0,0,0,1,0,1,1,0,0,0,0,1,0,1,0,0,1,0,0,1,0,1,0,0,1,0,1,1,0,0,1,1,0,0,0,1,1,1,0
Vi,프로그래머,개발자 등 IT 종사자,Mac OS,70,앱,0,0,0,0,0,0,1,1,0,0,0,0,1,0,1,1,0,0,0,0,0,0,1,0,0,1,0,0,0,0,0,0,1,1,1,0,1,0,1,1,1,0,0,1,1,1,1,0
Other,,회사원,Windows,100,,0,1,0,0,0,0,0,1,0,0,0,0,0,0,1,1,0,0,0,0,1,0,1,1,0,1,0,0,0,0,0,0,0,0,1,0,0,0,0,0,0,0,0,0,0,0,0,0
Sublime Text,,학생,Linux or Free/Net/OpenBSD,,,0,0,0,1,0,0,0,0,0,0,0,0,0,0,1,0,0,0,0,0,0,0,1,0,0,1,0,0,0,0,0,0,0,0,0,0,0,0,0,0,0,0,0,1,0,0,0,0
Other,,학생,Windows,,,0,0,0,1,0,0,0,0,0,0,0,0,0,1,1,1,0,0,0,0,1,0,0,0,0,0,0,0,0,0,0,0,0,0,0,0,0,0,0,0,1,0,0,0,0,1,1,0
Sublime Text,,학생,Linux or Free/Net/OpenBSD,,,0,0,0,1,0,0,0,0,0,0,0,0,0,1,0,1,0,0,0,0,1,0,0,1,0,1,0,0,0,0,0,0,0,1,0,0,1,0,0,1,0,0,0,0,1,0,0,1
Sublime Text,,학생,Windows,,,0,0,0,1,0,0,0,1,0,0,0,0,0,0,1,1,0,0,0,0,1,0,1,1,0,1,0,0,0,0,0,0,0,1,1,1,0,0,1,1,1,1,0,1,0,1,1,1
Vi,프로그래머,개발자 등 IT 종사자,Mac OS,3,웹 서비스,0,0,0,1,0,0,0,0,0,0,0,0,0,0,0,0,1,0,0,0,1,0,1,0,0,1,0,0,1,0,1,1,0,1,0,1,1,0,0,1,1,0,0,1,1,1,1,1
PyCharm,프로그래머,개발자 등 IT 종사자,Windows,200,웹 서비스,0,0,0,0,0,0,1,0,1,0,0,0,0,0,1,1,0,0,0,0,1,0,0,1,0,1,0,0,0,0,0,0,0,0,0,0,0,0,0,0,0,0,0,0,0,1,1,0
Sublime Text,프로그래머,개발자 등 IT 종사자,Mac OS,10,게임,0,0,0,0,1,0,1,1,0,0,1,0,1,0,1,1,0,1,0,1,1,0,1,0,0,1,0,0,0,0,0,0,0,1,0,0,0,0,1,1,1,0,0,1,1,1,1,0
PyCharm,,학생,Linux or Free/Net/OpenBSD,,,0,0,0,1,0,0,0,0,0,0,0,0,0,1,1,0,0,0,0,0,0,0,1,1,0,1,0,0,0,0,0,0,0,1,0,0,1,0,1,1,0,0,0,0,0,0,0,1
Other,,학생,Windows,,,0,0,0,1,0,0,0,0,0,0,0,0,0,0,0,0,0,0,0,0,0,0,0,0,0,1,0,0,0,0,0,0,0,1,0,0,0,0,0,0,0,0,0,0,0,0,0,0
PyCharm,프로그래머,개발자 등 IT 종사자,Mac OS,35,DB vendor,0,0,0,1,0,0,1,0,0,0,0,0,1,0,1,1,0,0,0,0,0,0,0,1,0,1,0,0,0,0,0,1,1,1,0,0,0,0,0,1,1,0,0,0,1,1,1,1
Other,,학생,,,,0,0,0,0,0,0,0,1,0,0,0,0,0,0,1,1,0,0,0,0,1,0,1,0,0,1,0,0,0,0,0,0,0,1,1,0,0,0,0,1,0,0,0,1,0,1,1,0
PyCharm,,교수/연구원,Mac OS,,,0,0,0,1,0,0,1,0,0,0,0,0,1,0,1,1,1,0,0,1,1,0,1,0,0,1,0,0,0,0,0,1,1,1,0,0,0,0,0,1,0,0,0,1,1,1,1,0
PyCharm,프로그래머,개발자 등 IT 종사자,Mac OS,50,웹 서비스,1,0,0,1,1,0,1,1,0,1,1,0,1,0,1,1,0,0,0,1,1,1,1,1,0,1,1,1,0,0,1,0,0,1,1,1,1,0,1,1,1,0,0,1,1,1,1,1
Sublime Text,,학생,Mac OS,,,0,0,0,0,0,0,0,0,0,0,0,0,0,0,1,1,0,0,0,0,1,0,0,0,0,0,0,0,0,0,0,0,0,0,0,0,1,0,0,0,0,0,0,0,0,1,0,0
Vi,SE,개발자 등 IT 종사자,Linux or Free/Net/OpenBSD,1000,웹 서비스,0,0,0,0,0,0,0,0,1,0,1,0,0,0,0,1,0,0,0,0,0,0,1,0,0,1,0,0,0,0,1,0,0,0,0,0,1,0,1,0,1,0,0,0,0,1,0,0
PyCharm,SE,개발자 등 IT 종사자,Linux or Free/Net/OpenBSD,4,서버호스팅,0,0,0,1,0,0,1,0,0,0,0,0,0,0,1,1,1,0,0,0,1,0,0,0,0,1,0,0,0,0,0,0,0,1,0,0,1,0,0,0,0,0,0,0,0,1,1,0
Vi,프로그래머,개발자 등 IT 종사자,Linux or Free/Net/OpenBSD,500,게임,0,0,0,0,0,0,0,1,0,0,0,0,1,0,1,1,0,0,0,0,1,0,1,0,0,1,0,0,0,0,0,0,0,0,1,0,0,0,1,1,1,1,0,0,0,1,1,0
PyCharm,QA,개발자 등 IT 종사자,Windows,300,B2B,0,0,0,1,0,0,0,0,0,0,0,0,0,0,1,0,1,0,0,0,0,0,0,0,0,1,0,0,0,0,0,0,0,0,0,0,0,0,0,0,0,0,0,0,0,0,0,0
Vi,프로그래머,개발자 등 IT 종사자,Linux or Free/Net/OpenBSD,8,앱,0,0,0,1,0,0,1,1,0,0,1,0,1,0,0,1,0,0,0,0,1,0,1,1,0,1,0,0,0,0,0,1,0,0,0,0,1,0,0,0,1,1,0,0,1,1,1,1
PyCharm,프로그래머,취업준비생(전공),Linux or Free/Net/OpenBSD,15,웹 서비스,0,0,0,0,0,0,0,1,0,0,0,0,0,0,1,1,0,0,0,0,1,0,1,1,0,1,0,0,0,0,0,0,0,1,0,0,1,0,0,1,0,0,0,0,0,1,1,1
PyCharm,프로그래머,개발자 등 IT 종사자,Windows,10,앱,0,1,0,0,0,0,0,0,0,0,0,0,0,0,1,0,0,0,0,0,0,0,0,0,0,1,0,0,0,0,1,0,0,0,1,0,1,0,0,0,0,0,0,0,0,0,0,0
PyCharm,프로그래머,개발자 등 IT 종사자,Mac OS,1000,앱,0,0,0,1,0,0,1,0,0,0,0,0,0,0,1,1,0,0,0,0,1,0,1,1,0,1,0,0,0,0,1,0,0,1,0,0,1,0,1,0,1,0,0,1,1,1,1,1
IDLE,,학생,Windows,,,0,0,0,1,0,0,0,0,0,0,0,0,0,1,0,1,0,0,0,0,0,0,0,0,0,0,0,0,0,0,0,0,1,0,0,0,0,0,0,0,0,0,0,0,0,1,0,0
PyCharm,,학생,Linux or Free/Net/OpenBSD,,,0,0,0,0,0,0,0,0,0,0,0,0,0,0,1,0,0,1,0,0,0,0,1,0,0,1,0,0,0,0,0,0,0,0,0,0,0,0,0,0,0,0,0,1,0,0,0,1
Vi,프로그래머,개발자 등 IT 종사자,Mac OS,10,앱,0,0,0,0,0,0,1,0,0,0,0,0,0,0,1,1,0,0,0,0,0,0,0,0,0,1,0,0,0,0,0,0,0,1,0,1,1,0,0,0,1,0,0,0,1,1,1,0
PyCharm,,학생,Windows,,,0,1,0,1,0,0,0,1,0,0,0,0,0,0,1,0,0,0,0,0,0,0,1,0,0,0,0,1,0,0,0,0,0,0,0,0,0,0,1,1,0,0,0,0,0,0,0,0
Vi,프로그래머,개발자 등 IT 종사자,Mac OS,200,앱,0,0,0,0,0,0,0,1,0,0,0,0,0,0,1,0,0,0,0,0,0,0,1,1,0,1,0,0,0,0,1,0,0,1,1,0,0,0,1,1,1,1,0,1,1,1,1,1
Other,,학생,Mac OS,,,0,0,0,0,0,0,1,0,0,0,0,0,1,0,1,1,0,0,0,1,1,0,0,0,0,1,0,0,0,0,0,1,0,0,0,0,1,0,0,0,0,0,0,0,0,1,0,0
Other,프로그래머,개발자 등 IT 종사자,,50,웹과 앱,0,0,0,1,0,0,1,0,0,0,1,0,0,0,1,0,0,0,0,0,1,0,0,0,0,1,0,0,0,0,0,0,0,1,0,0,1,0,0,0,0,0,0,0,0,1,1,0
Other,트레이더,트레이더,Windows,5,금융투자,0,0,0,1,0,0,0,1,0,1,0,0,0,0,0,0,1,1,0,0,0,0,1,0,0,1,0,0,0,0,1,0,0,0,1,0,1,0,0,1,0,0,0,0,0,0,0,0
Other,프로그래머,개발자 등 IT 종사자,Mac OS,2000,웹 서비스,0,1,0,0,0,0,0,1,0,0,1,0,0,0,1,1,0,0,0,0,1,0,1,0,0,1,0,0,0,0,0,0,0,1,0,0,0,0,0,0,1,0,0,1,1,1,1,0
PyCharm,프로그래머,개발자 등 IT 종사자,Windows,7,웹 서비스,0,0,0,1,0,0,1,0,0,0,0,0,0,0,0,1,0,0,0,0,0,0,0,0,0,1,0,0,0,0,0,0,0,1,0,1,1,0,0,0,0,0,0,0,1,1,1,0
Other,데이터 사이언티스트,개발자 등 IT 종사자,Windows,20000,제조업,0,1,0,0,0,0,0,1,0,0,0,0,0,0,1,0,0,0,0,1,0,0,1,0,0,0,0,0,0,0,0,0,0,0,0,0,0,0,0,0,0,0,0,1,0,0,0,0
Sublime Text,프로그래머,개발자 등 IT 종사자,Linux or Free/Net/OpenBSD,500,네트워크,0,0,0,0,0,0,1,0,1,0,0,0,1,0,1,1,0,0,0,1,0,0,1,1,0,1,1,0,0,0,0,0,0,1,0,0,1,0,1,1,1,0,0,1,1,1,1,1
Vi,프로그래머,개발자 등 IT 종사자,Mac OS,2000,웹 서비스,0,0,0,1,0,0,1,1,0,0,0,0,1,0,0,1,0,0,0,0,1,0,1,0,0,1,0,0,0,0,1,1,0,0,0,0,0,0,0,1,0,0,0,1,0,1,1,1
Vi,프로그래머,개발자 등 IT 종사자,Linux or Free/Net/OpenBSD,15,SI,0,0,0,0,0,0,0,0,0,0,0,0,0,0,1,0,0,0,0,0,0,0,1,0,0,0,0,1,0,0,0,0,0,1,0,0,1,0,0,0,0,0,0,1,0,0,0,0
Other,프로그래머,개발자 등 IT 종사자,Mac OS,10,웹 서비스,0,0,0,1,0,0,0,0,0,0,0,0,0,0,0,0,0,0,0,0,0,0,0,0,0,1,0,0,0,0,0,0,0,1,0,0,0,0,0,0,0,0,0,0,0,0,0,0
Sublime Text,,학생,Mac OS,,,1,0,1,0,0,1,0,0,0,0,0,0,0,0,0,0,0,0,0,0,1,0,1,0,1,0,0,0,1,0,0,1,1,1,0,0,1,0,0,0,0,0,0,1,1,1,0,0
Vi,프로그래머,개발자 등 IT 종사자,Linux or Free/Net/OpenBSD,200,앱,0,0,0,0,0,0,0,0,0,0,0,0,1,0,1,0,0,0,0,0,0,0,0,0,0,0,0,0,0,0,0,0,0,0,0,0,0,0,0,0,0,0,0,0,0,0,0,0
PyCharm,프로그래머,개발자 등 IT 종사자,Mac OS,2,웹 서비스,0,0,0,1,0,0,0,1,0,0,0,0,0,0,1,1,0,0,0,0,1,0,1,0,0,1,0,0,0,0,0,0,0,0,0,0,0,0,0,0,0,0,0,0,0,1,1,0
PyCharm,프로그래머,개발자 등 IT 종사자,Mac OS,3,웹 서비스,0,0,0,1,0,0,0,0,0,0,0,0,0,0,1,0,0,0,0,0,0,0,0,0,0,1,0,0,0,0,0,0,0,1,0,0,0,0,0,0,0,0,0,0,1,0,1,0
Vi,프로그래머,개발자 등 IT 종사자,Linux or Free/Net/OpenBSD,20,앱,0,0,0,0,0,0,0,0,0,0,0,0,0,0,1,0,0,0,0,0,0,0,0,0,0,1,0,0,0,0,0,0,0,0,0,0,1,0,1,0,0,0,0,0,0,0,0,1
Sublime Text,프로그래머,개발자 등 IT 종사자,Mac OS,5,웹 서비스,0,0,0,1,1,0,0,0,0,0,0,0,1,0,1,0,0,0,0,0,0,0,0,0,0,1,0,0,0,0,0,1,0,1,0,1,0,0,0,1,0,0,0,0,1,1,1,1
PyCharm,프로그래머,개발자 등 IT 종사자,Linux or Free/Net/OpenBSD,10,웹 서비스,0,0,0,1,0,0,1,0,0,0,1,0,0,0,0,0,0,0,0,0,1,0,0,1,0,1,0,0,0,0,0,0,0,1,0,0,1,0,0,0,0,0,0,0,1,1,1,1
Other,프로그래머,개발자 등 IT 종사자,Windows,2000,게임,0,1,0,0,0,0,0,1,0,0,0,0,0,0,1,0,0,0,0,0,1,0,1,0,0,1,0,0,0,0,1,0,0,1,1,0,1,0,0,1,0,0,0,1,0,1,1,0
PyCharm,보안관리자,개발자 등 IT 종사자,Mac OS,3000,공공,0,0,0,0,0,0,1,1,0,0,0,0,1,1,0,1,0,0,0,0,1,0,0,0,0,1,0,0,1,0,0,0,0,1,0,0,0,0,0,1,0,0,0,0,0,1,0,0
Other,,학생,Windows,,,0,0,0,1,0,0,0,0,0,0,0,0,0,0,1,1,0,0,0,0,1,0,1,1,0,1,0,0,0,0,1,0,0,0,0,0,0,0,0,1,0,0,0,0,0,0,0,0
PyCharm,트레이더,금융,Windows,3000,증권업,0,1,0,1,0,0,0,0,0,0,0,0,0,0,0,0,0,0,0,0,0,0,0,0,0,0,0,0,0,0,0,0,0,0,0,0,0,0,0,0,0,0,0,0,0,0,0,0
Vi,프로그래머,개발자 등 IT 종사자,Mac OS,130,웹 서비스,0,0,0,0,0,0,0,0,0,0,0,0,0,0,1,1,0,0,0,0,1,0,0,0,0,1,0,0,0,0,0,0,0,1,0,0,1,0,0,1,0,0,0,0,0,0,1,0
PyCharm,프로그래머,개발자 등 IT 종사자,Mac OS,50,웹 서비스,0,0,0,0,0,1,1,1,0,0,0,0,0,0,1,1,0,0,0,0,1,0,1,0,0,1,0,0,0,0,0,0,0,1,0,0,1,0,1,1,0,0,0,1,0,1,1,0
Vi,,학생,Linux or Free/Net/OpenBSD,,,0,0,0,1,1,0,0,1,1,0,0,0,1,0,1,1,0,1,0,1,1,0,1,0,0,1,1,0,0,1,1,1,1,1,1,0,1,0,0,1,1,0,0,1,1,1,1,1
PyCharm,프로그래머,개발자 등 IT 종사자,Mac OS,10,B2B,1,0,0,1,1,0,1,0,1,0,0,0,1,0,1,1,0,0,0,1,1,0,1,0,0,1,0,0,1,0,1,1,1,0,0,0,1,0,1,1,1,0,0,1,0,1,1,1
Vi,,,Linux or Free/Net/OpenBSD,800,,0,1,0,0,0,0,0,1,0,0,0,0,0,1,1,0,0,0,0,0,0,0,1,0,0,1,0,0,0,1,0,0,0,0,1,0,1,0,0,0,0,0,0,1,0,1,1,0
